client_id,client_name,client_type,region,signup_date
C0001,Cameron X. Martin,Residential,West,2025-02-20
C0002,Jordan Y. Davis,Commercial,West,2025-04-12
C0003,Drew F. Davis,Industrial,East,2024-09-03
C0004,Charlie Y. Brown,Commercial,South,2024-11-21
C0005,Casey H. Jones,Industrial,South,2025-04-14
C0006,Cameron R. Hernandez,Commercial,South,2024-11-06
C0007,Casey R. Jones,Residential,East,2025-04-02
C0008,Riley Q. Martin,Commercial,South,2025-02-01
C0009,Quinn P. White,Commercial,East,2024-07-05
C0010,Alex L. Williams,Residential,North,2025-03-27
C0011,Quinn S. Rodriguez,Commercial,South,2024-11-29
C0012,Emerson Z. Jackson,Commercial,East,2024-07-13
C0013,Charlie B. Jones,Residential,North,2025-02-04
C0014,Taylor A. Moore,Industrial,South,2024-08-03
C0015,Rowan F. Martin,Commercial,East,2025-05-10
C0016,Jamie I. Martinez,Commercial,North,2025-05-18
C0017,Emerson Y. Jones,Commercial,West,2024-12-23
C0018,Casey U. Hernandez,Industrial,South,2025-04-05
C0019,Drew I. Thomas,Industrial,West,2024-08-11
C0020,Skyler L. Garcia,Residential,North,2025-03-13
C0021,Cameron I. Johnson,Commercial,South,2024-10-17
C0022,Rowan I. Davis,Industrial,South,2025-02-25
C0023,Morgan B. Garcia,Commercial,East,2025-06-03
C0024,Alex D. Thomas,Industrial,North,2024-09-04
C0025,Morgan I. Thompson,Industrial,North,2024-09-26
C0026,Dakota F. Lopez,Industrial,North,2024-08-17
C0027,Rowan D. Martinez,Commercial,South,2024-11-14
C0028,Jordan E. Garcia,Residential,North,2024-09-13
C0029,Cameron W. Thomas,Industrial,South,2024-07-23
C0030,Cameron J. Moore,Residential,West,2025-01-24
C0031,Morgan D. Davis,Residential,West,2024-10-08
C0032,Rowan R. Anderson,Residential,South,2024-07-02
C0033,Bailey L. Rodriguez,Commercial,South,2024-09-26
C0034,Cameron A. Williams,Industrial,West,2024-10-05
C0035,Hayden O. Brown,Industrial,East,2024-07-12
C0036,Bailey Y. Jackson,Commercial,West,2024-07-26
C0037,Bailey N. Jackson,Commercial,East,2025-04-14
C0038,Riley Q. Williams,Commercial,South,2025-03-29
C0039,Bailey H. Brown,Residential,West,2024-09-28
C0040,Charlie Q. Miller,Industrial,North,2025-05-01
C0041,Bailey V. Jackson,Commercial,West,2024-10-12
C0042,Avery W. Thomas,Industrial,West,2024-12-16
C0043,Avery U. Martinez,Residential,North,2024-06-17
C0044,Avery K. Martin,Industrial,West,2024-07-10
C0045,Cameron L. Thompson,Commercial,East,2025-02-07
C0046,Cameron T. Johnson,Industrial,South,2024-08-06
C0047,Cameron R. Davis,Commercial,East,2025-01-27
C0048,Riley I. Thomas,Commercial,North,2024-08-29
C0049,Dakota D. Martin,Residential,East,2025-04-18
C0050,Avery Y. Martin,Residential,West,2024-09-27
C0051,Taylor L. Miller,Industrial,North,2025-03-02
C0052,Dakota O. Wilson,Commercial,South,2024-06-15
C0053,Skyler X. Johnson,Residential,South,2025-02-20
C0054,Drew C. Martin,Industrial,West,2024-11-02
C0055,Skyler Q. Hernandez,Residential,West,2025-05-23
C0056,Reese K. Smith,Commercial,South,2024-12-12
C0057,Jordan V. Hernandez,Residential,West,2025-05-22
C0058,Cameron B. Moore,Industrial,East,2025-03-04
C0059,Dakota A. Jones,Industrial,North,2025-03-30
C0060,Quinn V. White,Residential,West,2025-05-08
C0061,Skyler I. Jones,Residential,South,2025-05-12
C0062,Reese U. Anderson,Residential,West,2024-10-04
C0063,Morgan A. Martinez,Commercial,East,2025-06-06
C0064,Morgan D. Johnson,Industrial,East,2024-11-28
C0065,Quinn H. White,Commercial,West,2025-03-14
C0066,Casey X. Thompson,Commercial,West,2024-06-24
C0067,Avery O. Brown,Residential,North,2024-10-13
C0068,Avery V. Rodriguez,Residential,North,2025-04-19
C0069,Charlie W. Miller,Commercial,East,2024-11-27
C0070,Riley S. Williams,Residential,North,2025-02-21
C0071,Rowan I. Rodriguez,Residential,South,2024-09-24
C0072,Riley Y. Thompson,Industrial,South,2025-04-28
C0073,Jamie P. Brown,Industrial,North,2025-02-13
C0074,Taylor F. Jones,Commercial,East,2024-07-23
C0075,Cameron N. Thompson,Commercial,East,2024-10-10
C0076,Skyler F. Davis,Commercial,East,2024-08-08
C0077,Drew I. Jones,Residential,West,2024-06-29
C0078,Drew U. Johnson,Residential,North,2024-07-26
C0079,Jordan R. Smith,Commercial,North,2025-02-28
C0080,Drew D. Thompson,Commercial,South,2025-02-26
C0081,Avery H. Lopez,Commercial,West,2024-08-11
C0082,Morgan O. White,Residential,South,2024-09-28
C0083,Dakota W. Lopez,Residential,East,2025-05-03
C0084,Peyton N. Garcia,Industrial,West,2024-08-10
C0085,Hayden U. Jones,Commercial,West,2025-04-15
C0086,Taylor E. Martinez,Residential,West,2024-08-28
C0087,Jamie N. Thompson,Commercial,East,2024-08-03
C0088,Jordan F. Miller,Commercial,West,2024-10-06
C0089,Riley T. Williams,Residential,North,2024-06-14
C0090,Skyler E. Moore,Industrial,West,2024-06-16
C0091,Jordan B. Martinez,Industrial,West,2025-03-10
C0092,Peyton N. Smith,Residential,North,2025-05-25
C0093,Dakota X. Miller,Residential,West,2024-06-26
C0094,Quinn U. Thomas,Commercial,South,2025-03-09
C0095,Taylor V. Moore,Industrial,East,2025-01-19
C0096,Rowan Q. Jackson,Residential,West,2025-03-30
C0097,Casey Y. Jackson,Industrial,East,2024-07-24
C0098,Emerson Y. Smith,Industrial,East,2025-01-09
C0099,Reese R. Lopez,Industrial,East,2024-08-24
C0100,Dakota L. White,Commercial,West,2025-04-22
C0101,Alex B. Jackson,Commercial,West,2024-12-16
C0102,Bailey K. Johnson,Industrial,South,2025-02-19
C0103,Skyler P. White,Residential,South,2024-12-22
C0104,Alex F. Wilson,Industrial,West,2025-02-13
C0105,Casey R. Lopez,Industrial,South,2024-09-20
C0106,Riley V. Davis,Industrial,West,2024-12-27
C0107,Drew T. Hernandez,Commercial,West,2024-06-29
C0108,Casey S. Williams,Industrial,East,2025-05-08
C0109,Bailey P. Rodriguez,Industrial,South,2024-12-08
C0110,Hayden V. Thomas,Commercial,South,2024-11-14
C0111,Dakota U. Williams,Industrial,South,2024-12-04
C0112,Casey Z. Garcia,Commercial,North,2025-02-23
C0113,Peyton T. Williams,Industrial,North,2024-12-28
C0114,Hayden W. Rodriguez,Residential,South,2024-06-15
C0115,Reese Y. Lopez,Commercial,East,2024-07-22
C0116,Drew N. Wilson,Residential,East,2024-08-07
C0117,Jordan Q. Davis,Commercial,South,2025-02-13
C0118,Riley K. Moore,Commercial,South,2024-09-20
C0119,Jamie J. Brown,Industrial,South,2024-09-26
C0120,Charlie J. Davis,Residential,South,2025-01-07
C0121,Jordan Z. Davis,Industrial,South,2025-01-30
C0122,Dakota E. Johnson,Residential,West,2024-06-18
C0123,Jordan A. Jones,Residential,North,2024-12-07
C0124,Alex B. Anderson,Residential,North,2024-08-21
C0125,Hayden Q. Martinez,Commercial,East,2024-10-04
C0126,Riley N. Lopez,Industrial,West,2025-01-19
C0127,Charlie X. Thompson,Industrial,South,2024-08-15
C0128,Reese S. Anderson,Commercial,East,2024-11-20
C0129,Morgan P. Brown,Industrial,East,2024-06-21
C0130,Quinn N. Smith,Industrial,East,2024-11-03
C0131,Dakota Z. Garcia,Commercial,East,2024-09-03
C0132,Drew F. White,Commercial,East,2025-01-01
C0133,Skyler T. Martin,Residential,East,2025-02-14
C0134,Quinn X. Johnson,Residential,North,2024-12-05
C0135,Cameron P. Rodriguez,Industrial,East,2024-12-14
C0136,Peyton D. Jackson,Residential,South,2025-04-13
C0137,Skyler R. Lopez,Residential,West,2025-04-11
C0138,Emerson Y. Brown,Industrial,East,2025-04-01
C0139,Skyler A. Lopez,Residential,North,2025-06-09
C0140,Dakota J. Martinez,Industrial,West,2024-07-21
C0141,Riley I. Lopez,Industrial,East,2025-02-01
C0142,Charlie W. Thompson,Commercial,South,2024-10-21
C0143,Jamie K. Brown,Residential,South,2025-02-10
C0144,Quinn Z. Moore,Residential,East,2024-10-17
C0145,Cameron G. Jones,Residential,West,2024-10-13
C0146,Morgan V. Martin,Residential,East,2025-05-08
C0147,Taylor I. Jones,Commercial,West,2024-06-15
C0148,Quinn Q. Hernandez,Industrial,West,2025-01-14
C0149,Reese R. Miller,Residential,West,2024-09-16
C0150,Casey O. Martin,Residential,North,2025-04-07
C0151,Charlie M. Jones,Industrial,West,2024-10-16
C0152,Alex N. Thompson,Industrial,North,2025-03-14
C0153,Quinn O. Martin,Residential,North,2024-08-25
C0154,Hayden S. Jones,Industrial,East,2024-09-03
C0155,Reese R. Davis,Residential,West,2024-09-17
C0156,Peyton H. Anderson,Industrial,West,2024-11-27
C0157,Avery X. Thompson,Residential,South,2024-12-09
C0158,Riley A. Martinez,Residential,North,2025-04-09
C0159,Taylor T. Smith,Industrial,West,2025-06-14
C0160,Bailey O. Williams,Commercial,North,2025-01-19
C0161,Jamie Y. Garcia,Industrial,North,2024-11-24
C0162,Casey R. Hernandez,Commercial,South,2025-05-31
C0163,Peyton I. White,Residential,East,2024-09-03
C0164,Hayden M. Lopez,Industrial,North,2025-01-21
C0165,Dakota V. Lopez,Residential,West,2025-04-15
C0166,Jordan F. Johnson,Commercial,South,2025-03-08
C0167,Peyton R. Lopez,Industrial,West,2024-09-17
C0168,Taylor B. Brown,Industrial,South,2025-02-10
C0169,Peyton T. White,Industrial,East,2025-06-08
C0170,Taylor E. Jones,Commercial,South,2025-05-03
C0171,Emerson U. Smith,Commercial,North,2024-07-11
C0172,Alex D. Jones,Commercial,East,2024-11-08
C0173,Drew N. Martinez,Industrial,South,2025-03-20
C0174,Morgan F. Johnson,Industrial,South,2025-04-08
C0175,Reese Q. Thompson,Industrial,South,2024-09-23
C0176,Hayden A. Thompson,Industrial,West,2024-09-25
C0177,Avery C. Martinez,Residential,South,2024-10-27
C0178,Bailey W. Moore,Commercial,North,2025-01-23
C0179,Alex I. Davis,Industrial,West,2024-08-05
C0180,Hayden U. Williams,Residential,West,2024-10-06
C0181,Riley N. Anderson,Commercial,East,2025-05-05
C0182,Emerson U. Anderson,Industrial,East,2025-05-16
C0183,Taylor R. Brown,Commercial,North,2024-12-30
C0184,Dakota I. Lopez,Industrial,East,2025-02-01
C0185,Morgan D. Jackson,Residential,East,2025-01-30
C0186,Jamie Z. Lopez,Commercial,South,2025-06-01
C0187,Quinn J. Anderson,Industrial,North,2024-08-05
C0188,Drew V. White,Commercial,North,2025-03-16
C0189,Skyler P. Miller,Commercial,East,2025-01-14
C0190,Bailey O. Brown,Residential,South,2025-02-11
C0191,Skyler L. Hernandez,Residential,North,2024-08-19
C0192,Jamie W. Thompson,Industrial,North,2024-10-19
C0193,Taylor B. Miller,Industrial,West,2025-05-08
C0194,Drew Q. Hernandez,Commercial,East,2025-05-31
C0195,Quinn X. Jones,Industrial,East,2024-10-17
C0196,Skyler N. Smith,Industrial,West,2025-04-24
C0197,Morgan K. White,Commercial,South,2024-12-27
C0198,Dakota I. Thompson,Commercial,East,2024-07-20
C0199,Cameron E. Martinez,Industrial,East,2025-04-29
C0200,Bailey A. Brown,Commercial,South,2024-10-22
C0201,Jordan J. Garcia,Commercial,West,2024-09-01
C0202,Peyton Z. Davis,Commercial,West,2025-01-29
C0203,Peyton H. Moore,Industrial,South,2025-03-10
C0204,Emerson R. Jackson,Residential,West,2025-02-04
C0205,Jordan B. Jackson,Residential,North,2025-05-13
C0206,Drew W. White,Residential,South,2024-10-25
C0207,Jordan H. Martin,Residential,North,2025-06-06
C0208,Drew N. Smith,Residential,South,2025-04-04
C0209,Casey O. Hernandez,Residential,West,2024-08-19
C0210,Jamie T. Hernandez,Commercial,North,2024-08-02
C0211,Charlie S. Johnson,Residential,South,2024-12-04
C0212,Peyton U. Rodriguez,Industrial,North,2024-12-18
C0213,Bailey T. Miller,Commercial,South,2024-07-31
C0214,Casey G. Martinez,Commercial,South,2024-07-10
C0215,Morgan X. Thompson,Industrial,West,2025-01-30
C0216,Reese F. Martinez,Residential,West,2025-02-08
C0217,Emerson C. White,Commercial,East,2025-01-25
C0218,Jordan W. Miller,Industrial,South,2025-01-24
C0219,Morgan W. Martin,Industrial,South,2025-06-09
C0220,Rowan U. Jones,Industrial,West,2025-05-08
C0221,Morgan L. Martinez,Residential,West,2025-03-30
C0222,Drew L. Miller,Residential,West,2025-03-19
C0223,Jamie R. Thomas,Commercial,South,2025-05-28
C0224,Casey Z. Smith,Industrial,North,2025-04-20
C0225,Cameron B. Wilson,Commercial,East,2025-06-07
C0226,Jordan D. Johnson,Commercial,East,2024-07-01
C0227,Dakota F. Smith,Industrial,West,2024-07-30
C0228,Cameron B. Smith,Industrial,West,2025-01-09
C0229,Casey Q. Jackson,Industrial,North,2024-07-03
C0230,Riley R. Hernandez,Commercial,East,2025-02-04
C0231,Bailey M. Moore,Commercial,North,2024-09-14
C0232,Taylor T. Rodriguez,Residential,West,2025-05-11
C0233,Reese M. Jones,Commercial,North,2024-08-01
C0234,Morgan V. Jones,Residential,South,2025-02-11
C0235,Alex A. Rodriguez,Industrial,North,2024-08-18
C0236,Drew M. Davis,Industrial,West,2025-03-13
C0237,Jordan Y. Johnson,Industrial,East,2025-05-14
C0238,Alex C. Jones,Residential,East,2025-03-17
C0239,Bailey X. Anderson,Commercial,East,2025-02-02
C0240,Drew Y. Anderson,Industrial,East,2024-09-10
C0241,Riley I. Miller,Industrial,East,2025-04-05
C0242,Riley J. Brown,Residential,South,2024-07-05
C0243,Bailey Z. Johnson,Industrial,North,2025-01-11
C0244,Cameron U. Williams,Residential,West,2024-12-05
C0245,Skyler J. Williams,Residential,South,2024-12-09
C0246,Skyler Y. Johnson,Commercial,East,2025-06-01
C0247,Alex F. Lopez,Residential,North,2025-04-23
C0248,Peyton R. Anderson,Industrial,South,2025-01-06
C0249,Casey R. Thomas,Residential,West,2025-04-20
C0250,Emerson F. Hernandez,Residential,North,2024-11-19
C0251,Jamie E. Davis,Residential,East,2025-04-05
C0252,Dakota F. Miller,Commercial,North,2024-08-08
C0253,Casey H. Lopez,Industrial,East,2024-11-03
C0254,Taylor D. Hernandez,Commercial,South,2024-11-06
C0255,Jordan F. Thompson,Commercial,East,2025-04-15
C0256,Jordan L. Lopez,Industrial,South,2025-04-15
C0257,Hayden R. Davis,Residential,West,2025-04-15
C0258,Dakota L. Garcia,Residential,North,2024-06-22
C0259,Morgan C. Brown,Commercial,North,2024-06-19
C0260,Skyler D. Hernandez,Commercial,South,2025-04-14
C0261,Quinn W. Martin,Commercial,South,2024-12-20
C0262,Riley O. Garcia,Industrial,West,2025-04-22
C0263,Casey N. Garcia,Commercial,North,2024-12-10
C0264,Avery N. Martinez,Industrial,North,2024-12-02
C0265,Skyler C. Anderson,Commercial,South,2025-04-13
C0266,Morgan M. Miller,Residential,South,2025-05-07
C0267,Avery T. Miller,Industrial,West,2024-11-07
C0268,Alex S. Jones,Industrial,South,2024-08-17
C0269,Quinn B. Wilson,Residential,West,2025-02-14
C0270,Cameron B. Garcia,Industrial,South,2024-08-25
C0271,Hayden M. Thompson,Residential,North,2024-07-31
C0272,Casey Z. Anderson,Commercial,North,2024-12-07
C0273,Avery P. Garcia,Commercial,South,2024-07-19
C0274,Jamie P. White,Industrial,South,2024-09-29
C0275,Casey S. Jones,Residential,South,2024-10-15
C0276,Jamie P. Smith,Industrial,North,2025-04-26
C0277,Peyton G. Thomas,Residential,South,2024-08-06
C0278,Taylor I. Hernandez,Commercial,North,2025-02-23
C0279,Taylor D. Moore,Residential,West,2024-11-27
C0280,Morgan B. Anderson,Industrial,North,2025-03-21
C0281,Reese U. Moore,Industrial,East,2024-10-05
C0282,Alex D. Hernandez,Industrial,North,2025-03-14
C0283,Dakota Z. Thompson,Industrial,West,2025-03-02
C0284,Alex E. Anderson,Commercial,South,2025-01-28
C0285,Skyler W. Jones,Commercial,South,2025-04-22
C0286,Quinn A. Williams,Residential,North,2025-04-20
C0287,Peyton S. Davis,Industrial,North,2025-05-24
C0288,Morgan A. Lopez,Commercial,South,2025-04-23
C0289,Casey X. Davis,Industrial,West,2025-06-01
C0290,Jamie G. Wilson,Residential,North,2025-02-28
C0291,Drew R. Anderson,Commercial,West,2024-07-01
C0292,Cameron R. Garcia,Residential,East,2025-05-01
C0293,Morgan S. Martin,Commercial,South,2025-03-11
C0294,Taylor B. White,Commercial,West,2025-04-30
C0295,Avery P. Smith,Commercial,North,2024-08-02
C0296,Rowan Q. White,Commercial,North,2025-04-05
C0297,Skyler T. Brown,Commercial,West,2024-09-03
C0298,Bailey E. Martin,Residential,East,2025-05-03
C0299,Peyton Z. White,Commercial,South,2024-11-08
C0300,Jamie C. Miller,Industrial,West,2025-05-16
C0301,Cameron N. Jackson,Industrial,East,2025-01-17
C0302,Peyton W. Williams,Residential,West,2024-11-22
C0303,Rowan W. Davis,Commercial,North,2025-04-30
C0304,Morgan P. White,Residential,East,2025-01-24
C0305,Reese J. Hernandez,Commercial,South,2024-08-13
C0306,Jordan I. Williams,Commercial,South,2024-07-28
C0307,Quinn M. Johnson,Industrial,East,2024-07-18
C0308,Rowan B. Johnson,Residential,West,2024-09-02
C0309,Alex C. Hernandez,Residential,West,2024-06-28
C0310,Morgan S. Garcia,Residential,East,2024-10-21
C0311,Skyler X. Thomas,Industrial,East,2025-03-03
C0312,Cameron N. Smith,Residential,East,2025-02-09
C0313,Skyler U. Johnson,Industrial,East,2024-09-13
C0314,Hayden P. Smith,Industrial,East,2025-01-11
C0315,Drew G. Anderson,Industrial,East,2025-02-09
C0316,Hayden Q. Smith,Residential,West,2024-09-04
C0317,Reese T. White,Residential,West,2025-05-18
C0318,Alex V. Wilson,Commercial,North,2025-05-11
C0319,Riley O. Anderson,Residential,North,2024-09-18
C0320,Riley Q. Anderson,Commercial,South,2024-10-04
C0321,Peyton F. White,Industrial,East,2025-02-13
C0322,Peyton F. Moore,Residential,South,2024-06-30
C0323,Alex W. Davis,Residential,South,2024-07-06
C0324,Peyton S. Moore,Residential,East,2025-05-28
C0325,Peyton H. Jackson,Commercial,East,2024-10-26
C0326,Peyton P. Hernandez,Industrial,South,2024-07-22
C0327,Riley U. Anderson,Commercial,West,2025-02-07
C0328,Peyton H. Miller,Industrial,West,2024-09-11
C0329,Jamie A. Brown,Residential,North,2024-10-12
C0330,Alex E. Miller,Industrial,East,2025-02-22
C0331,Peyton J. Smith,Commercial,North,2025-04-05
C0332,Quinn N. Thomas,Commercial,West,2024-09-05
C0333,Taylor A. Williams,Industrial,West,2024-07-06
C0334,Hayden O. Anderson,Industrial,North,2024-06-22
C0335,Dakota S. Martinez,Industrial,East,2024-11-17
C0336,Quinn P. Rodriguez,Residential,North,2025-04-29
C0337,Avery K. Thompson,Commercial,West,2025-03-09
C0338,Rowan X. Martin,Industrial,South,2024-12-13
C0339,Jordan Z. Thompson,Industrial,West,2024-11-01
C0340,Rowan M. Martin,Industrial,East,2024-07-22
C0341,Skyler P. Davis,Industrial,South,2024-07-25
C0342,Emerson R. Brown,Commercial,North,2025-02-23
C0343,Quinn R. Davis,Commercial,South,2024-09-09
C0344,Casey F. Anderson,Residential,West,2024-10-10
C0345,Taylor M. Rodriguez,Commercial,North,2024-10-06
C0346,Riley U. Brown,Residential,South,2024-12-03
C0347,Dakota R. Thompson,Residential,West,2024-11-08
C0348,Drew P. Martin,Industrial,West,2024-12-07
C0349,Skyler R. Moore,Commercial,East,2024-11-27
C0350,Reese T. Thompson,Industrial,North,2025-05-21
C0351,Peyton Z. Thompson,Residential,South,2025-02-19
C0352,Dakota F. Williams,Residential,East,2025-03-29
C0353,Dakota J. Moore,Industrial,East,2025-05-01
C0354,Cameron V. Brown,Commercial,West,2024-11-21
C0355,Dakota F. Thomas,Industrial,North,2024-07-03
C0356,Hayden S. Lopez,Residential,North,2024-11-10
C0357,Reese T. Wilson,Industrial,South,2024-11-26
C0358,Casey O. Jackson,Residential,South,2025-04-23
C0359,Cameron M. Williams,Commercial,East,2024-07-26
C0360,Riley I. Jackson,Commercial,West,2025-03-07
C0361,Peyton T. Davis,Industrial,South,2025-05-25
C0362,Alex M. Thomas,Residential,North,2024-12-19
C0363,Casey S. Martinez,Industrial,South,2024-10-12
C0364,Reese N. Thomas,Industrial,West,2025-02-10
C0365,Drew B. Martinez,Commercial,West,2025-03-16
C0366,Skyler L. Martin,Industrial,North,2025-03-09
C0367,Riley C. Garcia,Industrial,East,2025-05-17
C0368,Jordan Y. Brown,Residential,West,2024-12-28
C0369,Dakota L. Hernandez,Industrial,East,2025-04-30
C0370,Peyton R. Jones,Industrial,East,2025-01-02
C0371,Reese I. Thomas,Industrial,East,2025-04-15
C0372,Alex J. Johnson,Commercial,East,2024-09-14
C0373,Hayden T. Williams,Industrial,North,2025-02-28
C0374,Jordan F. Jackson,Commercial,West,2024-10-18
C0375,Skyler O. White,Commercial,South,2025-05-16
C0376,Jamie V. Hernandez,Commercial,North,2024-07-15
C0377,Bailey P. Jones,Residential,North,2024-11-18
C0378,Dakota T. Johnson,Industrial,South,2025-01-02
C0379,Dakota P. Martinez,Industrial,North,2024-08-08
C0380,Peyton N. Martin,Commercial,East,2024-09-03
C0381,Dakota M. Moore,Commercial,East,2025-03-13
C0382,Quinn K. White,Industrial,South,2024-11-06
C0383,Avery Q. Brown,Residential,West,2025-04-11
C0384,Riley G. Thomas,Commercial,South,2024-10-24
C0385,Alex C. Smith,Industrial,East,2025-04-23
C0386,Quinn P. Jones,Commercial,West,2024-06-23
C0387,Rowan K. Wilson,Industrial,East,2024-11-24
C0388,Hayden J. Brown,Commercial,West,2024-08-08
C0389,Bailey V. Garcia,Residential,West,2025-03-16
C0390,Reese F. Smith,Residential,South,2025-02-17
C0391,Taylor Y. Lopez,Industrial,East,2024-11-21
C0392,Cameron D. Hernandez,Industrial,North,2025-05-20
C0393,Alex E. Lopez,Commercial,East,2024-09-05
C0394,Charlie H. Thompson,Commercial,West,2025-02-15
C0395,Emerson K. Wilson,Commercial,North,2024-11-08
C0396,Riley O. Lopez,Residential,South,2024-07-31
C0397,Dakota W. Moore,Industrial,North,2024-07-05
C0398,Quinn W. Davis,Industrial,North,2025-03-12
C0399,Charlie D. Rodriguez,Commercial,West,2025-06-14
C0400,Riley Y. Martin,Industrial,South,2025-06-07
C0401,Cameron L. Moore,Residential,South,2024-06-18
C0402,Reese I. Williams,Commercial,North,2024-10-23
C0403,Quinn Y. Wilson,Industrial,East,2024-09-13
C0404,Peyton L. Moore,Commercial,North,2025-04-20
C0405,Reese W. Johnson,Residential,South,2025-05-24
C0406,Bailey N. Lopez,Commercial,West,2024-08-10
C0407,Taylor F. Rodriguez,Industrial,South,2025-04-20
C0408,Avery A. Jackson,Residential,East,2024-07-06
C0409,Riley F. Williams,Commercial,North,2024-09-08
C0410,Cameron R. Miller,Residential,East,2024-08-31
C0411,Emerson S. Williams,Residential,West,2025-03-27
C0412,Charlie U. Martin,Residential,East,2025-01-20
C0413,Jordan X. Davis,Residential,North,2024-12-16
C0414,Taylor F. Thomas,Industrial,South,2024-08-25
C0415,Alex V. Jackson,Industrial,North,2024-09-29
C0416,Cameron T. Williams,Industrial,East,2024-07-01
C0417,Emerson F. Thomas,Industrial,East,2025-01-04
C0418,Rowan T. Jones,Residential,North,2024-06-18
C0419,Charlie K. Miller,Residential,East,2024-12-17
C0420,Casey V. Anderson,Industrial,South,2024-08-12
C0421,Bailey A. Lopez,Industrial,North,2024-08-13
C0422,Bailey L. Martinez,Residential,South,2025-01-18
C0423,Charlie N. Brown,Industrial,South,2024-12-02
C0424,Avery L. White,Industrial,North,2024-07-04
C0425,Emerson T. Garcia,Commercial,East,2024-09-22
C0426,Rowan S. Thompson,Industrial,East,2024-09-13
C0427,Riley H. Anderson,Residential,East,2024-11-23
C0428,Avery K. Williams,Residential,South,2025-06-08
C0429,Jordan M. Martinez,Residential,East,2025-02-10
C0430,Reese H. Thomas,Commercial,East,2024-12-16
C0431,Peyton T. Lopez,Residential,South,2024-07-11
C0432,Dakota A. Brown,Residential,West,2024-07-09
C0433,Skyler R. Martinez,Commercial,East,2024-07-23
C0434,Jordan A. Jackson,Commercial,West,2024-06-24
C0435,Charlie A. Hernandez,Commercial,South,2024-10-14
C0436,Avery J. Johnson,Industrial,North,2025-03-29
C0437,Emerson F. Thompson,Commercial,South,2024-08-28
C0438,Charlie J. Martin,Industrial,East,2025-05-18
C0439,Peyton M. Anderson,Industrial,South,2024-09-04
C0440,Jordan U. Moore,Residential,North,2024-12-02
C0441,Riley D. Hernandez,Commercial,North,2025-01-06
C0442,Rowan M. Anderson,Commercial,West,2024-10-29
C0443,Hayden O. Garcia,Industrial,West,2024-07-26
C0444,Rowan N. White,Residential,West,2024-09-22
C0445,Reese S. Martinez,Residential,East,2025-04-17
C0446,Drew P. Thomas,Commercial,South,2025-04-25
C0447,Peyton F. Brown,Commercial,North,2025-02-22
C0448,Morgan F. Brown,Residential,South,2024-11-17
C0449,Morgan Z. White,Residential,South,2024-12-24
C0450,Jamie D. Lopez,Industrial,North,2024-08-27
C0451,Morgan E. Davis,Commercial,South,2025-05-23
C0452,Jamie N. Moore,Residential,East,2025-02-22
C0453,Alex S. Thompson,Residential,South,2024-09-13
C0454,Jamie F. Miller,Commercial,East,2024-09-03
C0455,Reese M. Williams,Residential,North,2025-05-28
C0456,Charlie N. Rodriguez,Commercial,South,2025-01-23
C0457,Charlie W. Thomas,Industrial,East,2025-05-11
C0458,Rowan U. Moore,Industrial,South,2025-02-18
C0459,Skyler U. Hernandez,Commercial,East,2025-02-05
C0460,Charlie A. Smith,Industrial,North,2024-08-14
C0461,Riley L. Moore,Commercial,South,2025-06-11
C0462,Cameron M. Miller,Commercial,West,2025-05-04
C0463,Drew E. Moore,Industrial,East,2025-05-30
C0464,Reese D. Anderson,Residential,South,2024-10-24
C0465,Skyler N. White,Residential,North,2025-03-23
C0466,Morgan N. Jones,Commercial,East,2024-10-27
C0467,Morgan B. Jackson,Industrial,North,2025-03-28
C0468,Jordan P. Garcia,Commercial,West,2024-07-17
C0469,Cameron F. Anderson,Commercial,West,2024-08-09
C0470,Cameron T. Wilson,Industrial,North,2024-06-29
C0471,Bailey B. Martin,Commercial,North,2024-10-04
C0472,Quinn U. Rodriguez,Residential,East,2024-10-17
C0473,Charlie E. Thomas,Commercial,West,2024-10-02
C0474,Emerson B. Miller,Industrial,South,2024-11-23
C0475,Jordan J. White,Residential,North,2024-10-13
C0476,Jordan X. White,Commercial,North,2024-09-23
C0477,Hayden B. Johnson,Industrial,West,2024-11-17
C0478,Bailey Q. Lopez,Residential,East,2025-02-19
C0479,Hayden D. White,Industrial,West,2024-11-15
C0480,Jordan Y. Martin,Residential,South,2025-05-13
C0481,Morgan A. Garcia,Commercial,North,2025-04-04
C0482,Taylor N. Lopez,Residential,North,2025-02-02
C0483,Hayden H. Miller,Industrial,North,2024-11-29
C0484,Hayden D. Williams,Residential,South,2024-08-25
C0485,Hayden B. Rodriguez,Commercial,East,2025-02-05
C0486,Rowan E. Davis,Industrial,East,2025-05-02
C0487,Taylor E. Martin,Industrial,East,2024-08-08
C0488,Riley I. Martin,Industrial,West,2024-09-17
C0489,Casey S. Davis,Residential,South,2024-08-05
C0490,Quinn N. Anderson,Commercial,East,2024-07-18
C0491,Drew I. Anderson,Commercial,North,2025-04-15
C0492,Charlie E. Garcia,Commercial,South,2024-11-19
C0493,Taylor Q. Davis,Industrial,North,2024-07-22
C0494,Alex S. Hernandez,Industrial,West,2024-11-06
C0495,Dakota H. Thompson,Industrial,South,2024-08-15
C0496,Drew M. Jones,Commercial,North,2025-02-10
C0497,Jordan E. Jackson,Commercial,East,2025-01-06
C0498,Peyton P. Miller,Commercial,West,2024-12-22
C0499,Jordan W. Smith,Commercial,South,2025-05-07
C0500,Rowan S. Hernandez,Residential,West,2025-03-25
C0501,Cameron W. Miller,Industrial,West,2024-09-07
C0502,Jordan W. Thompson,Commercial,North,2025-05-24
C0503,Peyton E. Moore,Residential,North,2025-03-06
C0504,Casey C. Anderson,Commercial,South,2025-05-09
C0505,Charlie S. Moore,Residential,South,2024-12-23
C0506,Riley W. White,Industrial,South,2024-11-22
C0507,Taylor P. Martin,Residential,East,2024-07-01
C0508,Dakota G. Thomas,Industrial,West,2024-11-13
C0509,Avery X. Davis,Commercial,South,2024-12-31
C0510,Bailey T. Brown,Commercial,North,2024-09-07
C0511,Morgan W. Jones,Industrial,West,2024-11-15
C0512,Rowan I. Garcia,Commercial,East,2025-01-31
C0513,Drew G. Jackson,Commercial,North,2025-04-29
C0514,Jordan B. Anderson,Residential,West,2025-02-10
C0515,Riley J. Moore,Residential,South,2025-06-07
C0516,Dakota M. Miller,Industrial,South,2025-01-04
C0517,Riley K. Anderson,Commercial,North,2024-08-15
C0518,Rowan B. Williams,Industrial,West,2025-02-13
C0519,Casey N. Rodriguez,Residential,South,2024-08-10
C0520,Alex B. Hernandez,Commercial,South,2024-07-30
C0521,Casey M. Rodriguez,Residential,West,2024-08-26
C0522,Jordan C. Hernandez,Commercial,South,2024-12-19
C0523,Taylor Y. Smith,Residential,West,2024-12-11
C0524,Alex H. Martinez,Industrial,South,2024-07-17
C0525,Bailey N. Garcia,Commercial,South,2025-03-30
C0526,Jamie U. Brown,Commercial,North,2024-07-31
C0527,Dakota M. Jackson,Residential,South,2024-07-28
C0528,Quinn L. Davis,Commercial,North,2024-09-09
C0529,Reese S. White,Residential,West,2024-08-09
C0530,Cameron W. Williams,Residential,East,2025-05-04
C0531,Bailey M. Thomas,Residential,West,2025-05-10
C0532,Emerson C. Anderson,Residential,West,2025-03-01
C0533,Dakota I. Rodriguez,Commercial,West,2024-09-21
C0534,Reese L. Wilson,Commercial,North,2024-11-25
C0535,Skyler B. Johnson,Residential,West,2024-12-07
C0536,Riley T. Rodriguez,Commercial,East,2025-06-14
C0537,Morgan Z. Garcia,Commercial,West,2024-12-08
C0538,Emerson X. Williams,Residential,East,2025-03-03
C0539,Hayden Z. Johnson,Industrial,West,2024-12-04
C0540,Taylor J. Anderson,Residential,North,2025-04-16
C0541,Peyton I. Jones,Commercial,North,2024-06-19
C0542,Bailey Y. Martin,Commercial,West,2025-03-19
C0543,Drew X. Wilson,Residential,South,2024-11-26
C0544,Drew Z. Anderson,Residential,North,2025-04-23
C0545,Charlie V. Brown,Industrial,West,2025-01-20
C0546,Riley J. Hernandez,Residential,West,2025-04-18
C0547,Casey P. Martinez,Industrial,East,2025-04-01
C0548,Jordan T. Jones,Residential,East,2024-12-28
C0549,Casey I. Jones,Industrial,West,2025-02-18
C0550,Casey X. Brown,Commercial,West,2024-09-07
C0551,Rowan F. Thomas,Commercial,East,2025-05-31
C0552,Rowan E. White,Residential,West,2025-02-06
C0553,Hayden S. Smith,Commercial,East,2025-04-30
C0554,Charlie I. Jones,Residential,South,2024-08-31
C0555,Riley K. Hernandez,Commercial,North,2025-04-25
C0556,Casey M. White,Commercial,South,2024-12-19
C0557,Taylor N. Brown,Residential,West,2025-01-30
C0558,Peyton D. Martinez,Residential,West,2025-04-06
C0559,Avery P. Anderson,Commercial,East,2025-02-03
C0560,Bailey L. Davis,Commercial,West,2024-12-23
C0561,Peyton R. Smith,Commercial,South,2024-11-18
C0562,Skyler Z. Thomas,Residential,North,2024-12-01
C0563,Taylor W. Smith,Residential,East,2024-11-09
C0564,Rowan X. Brown,Residential,West,2024-06-29
C0565,Quinn F. Williams,Residential,North,2024-11-16
C0566,Drew N. Rodriguez,Industrial,West,2024-07-10
C0567,Reese Z. Thompson,Industrial,West,2024-08-08
C0568,Charlie C. Davis,Commercial,East,2024-07-16
C0569,Quinn K. Moore,Residential,East,2024-10-21
C0570,Skyler Z. Wilson,Industrial,East,2024-10-27
C0571,Morgan S. Jones,Commercial,West,2025-03-11
C0572,Alex T. Thomas,Residential,East,2025-01-04
C0573,Jordan J. Martinez,Industrial,South,2025-02-22
C0574,Reese R. Martinez,Industrial,East,2025-04-14
C0575,Dakota T. Rodriguez,Residential,South,2024-10-02
C0576,Jordan C. Martinez,Commercial,South,2024-10-19
C0577,Quinn J. Hernandez,Residential,East,2025-03-02
C0578,Rowan Z. Williams,Industrial,North,2025-04-15
C0579,Taylor W. White,Industrial,East,2024-07-18
C0580,Drew J. Rodriguez,Industrial,South,2024-06-15
C0581,Morgan R. Jones,Commercial,North,2024-10-07
C0582,Charlie E. Johnson,Industrial,North,2024-11-21
C0583,Emerson D. Miller,Industrial,South,2025-05-24
C0584,Reese I. Martin,Residential,West,2024-06-24
C0585,Drew L. Lopez,Residential,South,2025-02-27
C0586,Alex L. Wilson,Residential,South,2024-12-18
C0587,Jordan W. Thomas,Commercial,North,2025-02-14
C0588,Drew Y. Jones,Residential,South,2025-01-26
C0589,Jamie E. Thompson,Residential,West,2024-10-23
C0590,Morgan D. Hernandez,Residential,East,2024-10-20
C0591,Charlie R. Thomas,Residential,West,2025-03-08
C0592,Taylor T. White,Commercial,North,2024-10-04
C0593,Jamie L. Thompson,Residential,West,2024-10-28
C0594,Jamie R. Lopez,Commercial,East,2025-02-09
C0595,Skyler F. Wilson,Industrial,West,2024-10-14
C0596,Taylor A. Smith,Residential,South,2024-10-07
C0597,Riley Q. Davis,Residential,North,2024-07-02
C0598,Bailey B. Garcia,Industrial,North,2025-05-22
C0599,Bailey X. Smith,Residential,East,2025-02-10
C0600,Skyler K. Martin,Industrial,North,2025-04-14
C0601,Riley I. Hernandez,Residential,North,2024-07-09
C0602,Casey Z. Wilson,Industrial,North,2024-06-18
C0603,Skyler H. Rodriguez,Commercial,West,2025-05-25
C0604,Peyton N. Moore,Industrial,South,2024-07-22
C0605,Casey T. Thompson,Commercial,North,2024-06-23
C0606,Reese E. Martinez,Commercial,East,2024-09-21
C0607,Alex X. Hernandez,Residential,South,2024-10-28
C0608,Reese S. Moore,Residential,East,2025-03-25
C0609,Charlie S. Miller,Residential,South,2024-11-21
C0610,Cameron K. Lopez,Commercial,South,2024-10-05
C0611,Morgan B. Thompson,Commercial,West,2024-10-18
C0612,Taylor Z. Brown,Residential,East,2025-02-27
C0613,Charlie N. Williams,Industrial,South,2025-01-25
C0614,Charlie Q. Hernandez,Residential,North,2025-02-21
C0615,Casey Q. Wilson,Commercial,South,2024-12-05
C0616,Morgan M. Moore,Commercial,East,2025-01-01
C0617,Drew K. Smith,Residential,East,2024-10-09
C0618,Dakota O. Johnson,Residential,North,2024-06-17
C0619,Casey D. Martin,Commercial,East,2025-05-08
C0620,Riley J. Rodriguez,Residential,South,2025-06-12
C0621,Quinn B. Rodriguez,Residential,South,2024-09-13
C0622,Alex A. Davis,Residential,West,2025-05-18
C0623,Riley R. Johnson,Industrial,East,2024-08-23
C0624,Riley J. Davis,Industrial,South,2025-04-06
C0625,Quinn E. Anderson,Industrial,South,2024-10-28
C0626,Skyler H. Jones,Residential,West,2024-12-05
C0627,Avery B. Johnson,Commercial,North,2024-10-05
C0628,Cameron A. Jones,Industrial,East,2025-01-04
C0629,Jordan I. Moore,Residential,South,2024-10-06
C0630,Taylor H. Jones,Commercial,North,2024-09-19
C0631,Bailey C. Brown,Residential,North,2024-07-05
C0632,Alex X. Rodriguez,Industrial,West,2025-01-12
C0633,Jamie E. Anderson,Industrial,East,2024-09-24
C0634,Bailey J. Moore,Industrial,North,2025-01-28
C0635,Charlie Q. Lopez,Commercial,East,2025-05-16
C0636,Skyler L. Brown,Industrial,West,2024-09-08
C0637,Taylor Q. Rodriguez,Industrial,East,2025-03-24
C0638,Skyler J. Hernandez,Residential,North,2024-12-30
C0639,Alex Y. Miller,Residential,East,2024-08-11
C0640,Peyton A. Lopez,Commercial,North,2025-04-27
C0641,Emerson P. Wilson,Commercial,West,2024-09-23
C0642,Bailey W. Thompson,Commercial,North,2025-01-02
C0643,Jordan R. Jackson,Commercial,West,2025-03-01
C0644,Jamie P. Thomas,Residential,South,2024-07-18
C0645,Jordan B. Williams,Industrial,North,2025-01-27
C0646,Jamie J. Davis,Residential,West,2025-03-01
C0647,Casey K. Anderson,Commercial,West,2025-05-14
C0648,Cameron M. Martinez,Residential,North,2025-01-28
C0649,Casey M. Miller,Residential,West,2024-10-01
C0650,Avery C. Hernandez,Commercial,North,2024-12-03
C0651,Peyton L. Garcia,Residential,North,2024-09-03
C0652,Peyton T. Rodriguez,Residential,East,2024-09-14
C0653,Skyler D. Jackson,Industrial,South,2024-10-01
C0654,Bailey H. Jackson,Industrial,East,2024-06-30
C0655,Jamie D. White,Commercial,South,2024-07-26
C0656,Morgan T. Williams,Industrial,East,2024-12-27
C0657,Casey C. Martinez,Industrial,West,2025-03-11
C0658,Avery F. White,Residential,East,2025-03-28
C0659,Jamie T. Williams,Industrial,East,2024-09-04
C0660,Bailey J. Martinez,Commercial,North,2025-02-15
C0661,Quinn U. Johnson,Commercial,East,2024-10-23
C0662,Alex V. Martinez,Residential,South,2024-09-16
C0663,Hayden F. Garcia,Industrial,South,2024-12-11
C0664,Quinn Y. Rodriguez,Residential,South,2024-07-25
C0665,Bailey N. Davis,Residential,East,2025-04-19
C0666,Morgan J. Smith,Commercial,East,2025-04-11
C0667,Bailey M. Williams,Commercial,West,2025-04-06
C0668,Dakota M. Johnson,Residential,North,2024-10-08
C0669,Taylor Y. Martinez,Residential,North,2024-10-14
C0670,Rowan B. Garcia,Industrial,South,2024-12-22
C0671,Avery C. Garcia,Commercial,West,2024-07-20
C0672,Avery H. Brown,Residential,North,2024-10-07
C0673,Alex L. Brown,Residential,East,2024-10-07
C0674,Alex Z. Jones,Industrial,West,2024-07-07
C0675,Morgan P. Miller,Commercial,South,2024-07-13
C0676,Rowan J. Jones,Commercial,North,2024-07-17
C0677,Hayden J. Johnson,Residential,North,2024-06-21
C0678,Emerson P. Martin,Commercial,South,2025-01-09
C0679,Casey L. Wilson,Residential,East,2024-07-02
C0680,Quinn M. Wilson,Industrial,West,2025-02-14
C0681,Casey W. White,Industrial,West,2024-06-23
C0682,Dakota C. Smith,Industrial,North,2025-04-07
C0683,Alex G. Davis,Commercial,South,2024-10-03
C0684,Jordan K. Lopez,Residential,South,2025-05-11
C0685,Drew T. Martinez,Industrial,South,2025-06-13
C0686,Drew A. Wilson,Commercial,East,2024-07-29
C0687,Bailey P. Hernandez,Residential,North,2025-03-01
C0688,Peyton D. Jones,Residential,West,2024-11-20
C0689,Riley M. Garcia,Commercial,East,2024-08-06
C0690,Riley B. Garcia,Commercial,North,2024-10-04
C0691,Hayden T. Davis,Residential,North,2024-09-22
C0692,Emerson E. Wilson,Commercial,East,2024-07-12
C0693,Alex D. White,Industrial,East,2025-01-09
C0694,Jordan E. White,Industrial,West,2025-03-20
C0695,Quinn L. Brown,Industrial,East,2025-02-01
C0696,Dakota M. Hernandez,Residential,West,2024-08-26
C0697,Bailey R. Brown,Industrial,North,2024-09-11
C0698,Reese T. Brown,Commercial,East,2024-08-10
C0699,Taylor Z. Moore,Industrial,West,2024-11-24
C0700,Dakota Z. White,Industrial,North,2024-07-22
C0701,Alex V. Anderson,Residential,South,2025-03-09
C0702,Casey Y. Jones,Residential,North,2024-11-27
C0703,Emerson A. Davis,Commercial,East,2025-02-02
C0704,Emerson T. Thompson,Industrial,North,2025-02-03
C0705,Hayden N. Jones,Commercial,South,2024-07-30
C0706,Cameron X. Williams,Commercial,North,2025-02-05
C0707,Casey E. Martinez,Residential,West,2024-11-25
C0708,Riley Y. Smith,Residential,South,2025-03-21
C0709,Casey U. Martin,Industrial,West,2025-01-13
C0710,Jamie Z. Rodriguez,Residential,East,2025-05-24
C0711,Emerson M. Martin,Commercial,West,2024-10-21
C0712,Skyler U. Davis,Commercial,North,2024-09-02
C0713,Taylor A. Jones,Residential,South,2025-02-08
C0714,Jamie B. Thompson,Industrial,South,2024-11-05
C0715,Riley U. Miller,Commercial,West,2025-02-09
C0716,Jamie G. Jackson,Industrial,North,2024-06-15
C0717,Avery B. Martinez,Residential,North,2024-11-07
C0718,Reese B. Martinez,Commercial,North,2025-01-13
C0719,Skyler S. Wilson,Commercial,South,2025-02-19
C0720,Taylor L. Thomas,Residential,West,2024-10-28
C0721,Hayden W. White,Residential,South,2024-10-15
C0722,Riley E. Williams,Residential,South,2024-08-15
C0723,Rowan Y. Jackson,Commercial,West,2025-01-11
C0724,Hayden Z. Jones,Residential,West,2025-03-16
C0725,Avery W. Jackson,Commercial,North,2025-05-01
C0726,Drew J. Moore,Industrial,East,2025-02-27
C0727,Bailey L. Anderson,Industrial,East,2025-05-20
C0728,Rowan R. Moore,Residential,North,2024-08-13
C0729,Cameron F. White,Residential,West,2024-11-04
C0730,Rowan Z. Johnson,Industrial,West,2024-10-24
C0731,Skyler M. Wilson,Commercial,North,2024-09-05
C0732,Casey A. Johnson,Residential,South,2025-05-13
C0733,Cameron G. White,Commercial,West,2024-07-01
C0734,Bailey S. Davis,Residential,West,2024-10-17
C0735,Reese A. Smith,Residential,North,2024-09-28
C0736,Reese U. Johnson,Commercial,North,2024-08-23
C0737,Skyler P. Thompson,Commercial,East,2025-06-04
C0738,Emerson A. Johnson,Commercial,West,2024-07-06
C0739,Casey D. Brown,Industrial,West,2024-10-21
C0740,Rowan H. Martinez,Industrial,West,2024-10-09
C0741,Skyler P. Lopez,Residential,West,2025-06-04
C0742,Reese H. Jones,Industrial,West,2025-02-25
C0743,Quinn F. Moore,Commercial,East,2025-05-17
C0744,Alex Q. Thompson,Industrial,West,2025-06-02
C0745,Taylor W. Moore,Industrial,West,2024-08-05
C0746,Taylor F. Jackson,Industrial,South,2025-02-20
C0747,Casey Q. Davis,Residential,North,2024-12-24
C0748,Jordan L. Thomas,Residential,South,2025-02-16
C0749,Peyton L. Lopez,Residential,North,2024-08-31
C0750,Emerson M. Davis,Commercial,West,2025-05-13
C0751,Skyler L. Lopez,Commercial,North,2025-01-03
C0752,Riley W. Smith,Industrial,East,2025-02-07
C0753,Reese F. Johnson,Residential,North,2025-04-05
C0754,Alex N. Williams,Commercial,East,2024-10-03
C0755,Dakota G. Wilson,Commercial,North,2024-11-13
C0756,Riley A. Rodriguez,Residential,South,2024-11-12
C0757,Riley S. Thompson,Commercial,East,2025-04-16
C0758,Dakota Z. Davis,Residential,North,2025-04-05
C0759,Reese T. Thomas,Residential,North,2024-07-29
C0760,Cameron M. Garcia,Industrial,South,2024-10-16
C0761,Alex S. Miller,Industrial,South,2025-04-14
C0762,Jamie G. Thomas,Industrial,East,2024-07-08
C0763,Skyler V. Johnson,Residential,East,2024-12-11
C0764,Drew N. Martin,Residential,North,2024-09-27
C0765,Dakota D. Johnson,Residential,West,2025-01-18
C0766,Cameron G. Martinez,Residential,South,2025-05-30
C0767,Riley Z. Smith,Industrial,East,2024-11-03
C0768,Charlie V. Anderson,Commercial,West,2025-03-20
C0769,Quinn S. Johnson,Industrial,North,2024-06-16
C0770,Reese J. Martin,Commercial,East,2025-05-10
C0771,Charlie A. Williams,Industrial,West,2025-05-05
C0772,Avery D. Hernandez,Residential,North,2024-12-12
C0773,Bailey X. White,Commercial,North,2025-06-08
C0774,Drew Y. White,Commercial,South,2025-02-20
C0775,Dakota I. Moore,Residential,South,2024-11-26
C0776,Dakota Y. Smith,Industrial,South,2025-06-04
C0777,Hayden O. Wilson,Commercial,West,2024-07-23
C0778,Jamie T. Garcia,Industrial,North,2025-05-04
C0779,Riley W. Rodriguez,Commercial,East,2025-04-06
C0780,Emerson N. Williams,Residential,South,2025-05-15
C0781,Jamie W. Smith,Commercial,East,2024-08-18
C0782,Charlie B. Williams,Residential,South,2024-11-25
C0783,Charlie I. Anderson,Residential,East,2025-02-21
C0784,Quinn C. Martinez,Commercial,North,2025-04-17
C0785,Charlie U. Davis,Residential,East,2025-02-06
C0786,Emerson K. Lopez,Industrial,West,2025-05-06
C0787,Casey G. Johnson,Industrial,North,2024-08-24
C0788,Riley P. Anderson,Residential,West,2024-11-17
C0789,Casey W. Moore,Commercial,West,2024-09-16
C0790,Reese U. Miller,Residential,South,2024-08-12
C0791,Reese M. Thompson,Commercial,South,2024-09-25
C0792,Rowan C. White,Industrial,North,2025-06-03
C0793,Cameron C. Brown,Industrial,South,2024-10-10
C0794,Peyton A. Jones,Residential,North,2024-11-26
C0795,Taylor N. Johnson,Residential,West,2024-08-09
C0796,Dakota M. Rodriguez,Residential,South,2025-02-11
C0797,Morgan V. Garcia,Residential,East,2025-05-23
C0798,Casey Q. Martinez,Residential,East,2025-05-18
C0799,Riley A. Jones,Residential,South,2024-08-15
C0800,Drew T. Garcia,Commercial,South,2025-02-07
C0801,Skyler Q. Thompson,Residential,North,2024-06-28
C0802,Rowan X. Lopez,Residential,West,2024-09-16
C0803,Hayden R. Garcia,Residential,East,2025-05-23
C0804,Hayden R. Rodriguez,Commercial,South,2024-09-06
C0805,Reese U. Thomas,Commercial,South,2024-11-24
C0806,Skyler K. White,Commercial,North,2024-07-24
C0807,Quinn Y. Thomas,Residential,North,2025-01-06
C0808,Reese H. White,Commercial,West,2025-01-26
C0809,Bailey K. Thomas,Industrial,West,2024-10-24
C0810,Charlie G. Smith,Industrial,West,2024-10-30
C0811,Rowan D. Jones,Residential,East,2025-04-15
C0812,Alex Z. Hernandez,Commercial,North,2025-01-16
C0813,Peyton T. Brown,Industrial,West,2025-04-02
C0814,Drew X. Garcia,Residential,East,2025-04-06
C0815,Jordan U. Garcia,Commercial,West,2024-12-19
C0816,Rowan K. Jones,Industrial,South,2024-12-17
C0817,Skyler Z. Jackson,Commercial,East,2025-01-29
C0818,Quinn V. Wilson,Commercial,East,2024-10-29
C0819,Dakota F. Martinez,Residential,North,2024-07-06
C0820,Dakota T. Garcia,Industrial,West,2024-10-11
C0821,Cameron L. White,Industrial,West,2025-04-14
C0822,Cameron P. Garcia,Industrial,North,2025-04-14
C0823,Cameron O. Garcia,Residential,North,2024-10-28
C0824,Casey N. White,Residential,West,2024-08-02
C0825,Jamie S. Miller,Residential,West,2025-05-30
C0826,Jamie C. Williams,Industrial,North,2024-10-18
C0827,Skyler C. Davis,Commercial,West,2024-12-19
C0828,Alex P. Anderson,Industrial,South,2025-04-13
C0829,Hayden C. Brown,Industrial,North,2025-05-14
C0830,Charlie Z. Wilson,Residential,East,2025-01-15
C0831,Morgan H. Miller,Industrial,North,2024-08-31
C0832,Avery B. Thompson,Commercial,East,2025-02-09
C0833,Taylor G. Hernandez,Industrial,East,2024-07-29
C0834,Drew Y. Martin,Industrial,West,2024-10-06
C0835,Jordan E. Thompson,Industrial,North,2025-04-04
C0836,Jamie X. Martinez,Commercial,North,2024-09-20
C0837,Casey I. Wilson,Industrial,East,2025-05-12
C0838,Cameron K. Martinez,Industrial,North,2025-05-20
C0839,Quinn G. Smith,Commercial,East,2024-12-13
C0840,Emerson Q. White,Commercial,East,2024-08-25
C0841,Peyton F. Lopez,Industrial,West,2024-06-15
C0842,Skyler X. Garcia,Industrial,North,2025-03-16
C0843,Dakota L. Jones,Residential,North,2024-06-23
C0844,Hayden K. Anderson,Industrial,North,2025-04-30
C0845,Peyton H. Williams,Residential,North,2024-09-22
C0846,Alex Y. Smith,Industrial,North,2024-09-19
C0847,Skyler Z. Lopez,Residential,West,2024-12-23
C0848,Quinn J. Thompson,Commercial,West,2025-04-26
C0849,Morgan D. Garcia,Commercial,South,2025-03-27
C0850,Morgan J. Rodriguez,Commercial,West,2024-09-27
C0851,Jamie L. Brown,Commercial,East,2025-05-31
C0852,Skyler G. Hernandez,Commercial,West,2024-12-27
C0853,Drew A. Moore,Commercial,West,2024-10-04
C0854,Drew G. Lopez,Industrial,West,2024-07-27
C0855,Taylor O. Johnson,Residential,North,2024-10-12
C0856,Bailey Z. Jones,Residential,West,2025-04-08
C0857,Hayden D. Lopez,Industrial,North,2024-08-23
C0858,Hayden D. Thompson,Commercial,West,2024-07-22
C0859,Alex E. Wilson,Residential,West,2024-12-23
C0860,Hayden B. Davis,Residential,South,2025-04-28
C0861,Bailey Y. Thomas,Residential,West,2025-02-02
C0862,Cameron C. Johnson,Commercial,East,2025-02-24
C0863,Avery V. Hernandez,Commercial,East,2024-07-09
C0864,Morgan T. Jackson,Industrial,South,2024-08-31
C0865,Skyler Y. Anderson,Industrial,West,2024-12-24
C0866,Riley F. White,Commercial,South,2025-03-11
C0867,Bailey O. Wilson,Residential,South,2024-07-03
C0868,Morgan P. Jones,Industrial,West,2025-01-03
C0869,Avery X. Rodriguez,Industrial,North,2025-03-19
C0870,Taylor V. Jones,Residential,West,2024-09-04
C0871,Drew R. Williams,Residential,North,2024-11-05
C0872,Avery K. Moore,Residential,South,2024-07-14
C0873,Emerson G. Rodriguez,Industrial,West,2024-06-30
C0874,Jamie G. Moore,Residential,North,2025-02-27
C0875,Jordan C. Brown,Residential,North,2025-05-05
C0876,Drew G. White,Commercial,East,2024-06-28
C0877,Rowan S. Smith,Industrial,North,2024-07-10
C0878,Cameron I. Anderson,Industrial,South,2025-03-07
C0879,Riley K. Garcia,Commercial,West,2025-01-21
C0880,Jamie O. Thomas,Industrial,North,2025-04-02
C0881,Casey F. Williams,Residential,West,2025-01-10
C0882,Taylor H. Thomas,Commercial,North,2024-12-05
C0883,Quinn L. Johnson,Industrial,South,2024-10-10
C0884,Jamie F. Brown,Residential,North,2024-12-16
C0885,Casey L. Garcia,Industrial,West,2025-01-06
C0886,Peyton G. Miller,Residential,West,2025-02-17
C0887,Riley Y. White,Residential,South,2024-12-29
C0888,Morgan T. White,Industrial,South,2024-08-04
C0889,Skyler S. Williams,Residential,South,2025-03-06
C0890,Jordan D. Jones,Commercial,West,2025-05-20
C0891,Jordan Z. Wilson,Industrial,North,2025-01-13
C0892,Emerson P. Jones,Commercial,West,2025-05-16
C0893,Dakota X. Hernandez,Residential,West,2025-03-07
C0894,Casey G. Lopez,Industrial,West,2024-08-14
C0895,Taylor S. Brown,Commercial,South,2024-09-25
C0896,Jamie B. Rodriguez,Residential,West,2024-12-20
C0897,Jamie E. Jackson,Commercial,South,2024-06-17
C0898,Charlie L. Brown,Residential,East,2024-07-13
C0899,Skyler G. Rodriguez,Residential,South,2025-05-21
C0900,Casey T. Thomas,Industrial,West,2025-01-01
C0901,Peyton F. Jackson,Residential,East,2025-05-24
C0902,Quinn J. Lopez,Commercial,East,2025-01-25
C0903,Avery D. Moore,Commercial,West,2025-01-13
C0904,Quinn D. Rodriguez,Commercial,North,2024-12-04
C0905,Peyton U. White,Residential,South,2024-08-18
C0906,Cameron S. Thompson,Commercial,West,2024-12-20
C0907,Drew Z. Jackson,Residential,West,2024-10-16
C0908,Jamie W. Lopez,Commercial,West,2024-08-11
C0909,Rowan N. Anderson,Residential,North,2025-05-18
C0910,Hayden Z. Thompson,Residential,West,2025-02-01
C0911,Riley W. Martin,Commercial,North,2025-05-17
C0912,Cameron H. Moore,Commercial,East,2024-09-09
C0913,Jordan X. Martin,Residential,South,2024-06-14
C0914,Charlie Y. Smith,Commercial,South,2025-02-24
C0915,Emerson E. Thomas,Commercial,North,2024-08-19
C0916,Reese C. Martin,Residential,West,2025-02-10
C0917,Charlie S. Hernandez,Industrial,South,2024-11-16
C0918,Emerson D. Brown,Residential,South,2024-09-19
C0919,Cameron T. Rodriguez,Residential,West,2025-01-13
C0920,Dakota Y. Moore,Industrial,South,2025-03-27
C0921,Hayden R. Anderson,Industrial,South,2025-03-28
C0922,Riley I. Johnson,Commercial,North,2024-08-30
C0923,Alex W. Miller,Commercial,East,2024-09-25
C0924,Bailey U. Hernandez,Commercial,South,2024-12-28
C0925,Alex H. Anderson,Industrial,North,2025-02-26
C0926,Morgan E. Jones,Industrial,North,2025-06-04
C0927,Hayden K. White,Industrial,South,2024-10-10
C0928,Alex I. Martin,Commercial,East,2025-03-10
C0929,Alex G. White,Residential,West,2025-03-12
C0930,Hayden Y. Johnson,Residential,North,2025-04-12
C0931,Rowan Y. Hernandez,Commercial,East,2025-04-14
C0932,Dakota R. Martinez,Residential,West,2025-05-26
C0933,Riley G. Garcia,Residential,South,2025-02-15
C0934,Taylor I. Lopez,Industrial,North,2024-09-30
C0935,Cameron Y. Thompson,Industrial,West,2025-05-30
C0936,Alex O. Lopez,Commercial,East,2025-02-17
C0937,Jordan S. Jones,Industrial,East,2024-09-20
C0938,Jordan K. Thomas,Residential,East,2025-03-03
C0939,Quinn O. White,Residential,North,2024-09-20
C0940,Riley G. Lopez,Residential,East,2024-06-18
C0941,Casey V. Rodriguez,Residential,West,2025-06-05
C0942,Casey B. Hernandez,Commercial,South,2024-10-20
C0943,Reese E. Anderson,Residential,East,2024-10-18
C0944,Casey Y. Brown,Commercial,North,2024-12-22
C0945,Bailey H. Martin,Commercial,West,2024-10-09
C0946,Alex R. Moore,Commercial,East,2025-02-05
C0947,Charlie J. Williams,Commercial,West,2024-06-16
C0948,Hayden S. Miller,Industrial,South,2024-08-14
C0949,Reese I. Brown,Industrial,North,2025-03-09
C0950,Bailey H. Anderson,Commercial,West,2025-02-02
C0951,Cameron V. Miller,Industrial,East,2024-07-09
C0952,Drew M. Smith,Residential,North,2025-01-26
C0953,Charlie M. Anderson,Commercial,North,2025-05-06
C0954,Reese L. Moore,Industrial,West,2024-08-19
C0955,Riley G. Wilson,Residential,South,2025-06-04
C0956,Cameron L. Wilson,Commercial,South,2025-03-10
C0957,Quinn T. Miller,Commercial,North,2024-10-19
C0958,Riley U. Williams,Commercial,North,2025-05-05
C0959,Jordan N. Wilson,Commercial,East,2024-07-31
C0960,Jordan C. Martin,Commercial,West,2024-09-11
C0961,Jamie Y. Smith,Industrial,South,2024-11-12
C0962,Emerson E. Lopez,Residential,West,2025-01-18
C0963,Reese I. Wilson,Residential,North,2024-10-26
C0964,Skyler L. Smith,Industrial,North,2024-12-25
C0965,Hayden S. Davis,Industrial,South,2025-04-03
C0966,Taylor R. Lopez,Residential,South,2025-04-04
C0967,Bailey U. Williams,Industrial,North,2024-06-17
C0968,Quinn L. Garcia,Commercial,South,2024-12-13
C0969,Casey A. Davis,Commercial,East,2024-11-02
C0970,Jamie A. White,Commercial,South,2024-11-02
C0971,Jamie W. Thomas,Commercial,North,2025-04-22
C0972,Charlie E. Brown,Commercial,East,2025-05-21
C0973,Jordan B. Miller,Commercial,West,2025-05-15
C0974,Dakota B. Williams,Residential,South,2024-10-29
C0975,Reese J. Lopez,Commercial,North,2025-02-24
C0976,Morgan N. Anderson,Industrial,North,2024-12-31
C0977,Peyton O. Davis,Residential,West,2025-03-27
C0978,Jamie X. Johnson,Commercial,North,2025-03-27
C0979,Charlie E. Jones,Residential,North,2024-08-12
C0980,Rowan Z. Davis,Residential,North,2024-11-13
C0981,Reese K. Jones,Industrial,West,2025-04-09
C0982,Quinn M. Smith,Commercial,South,2024-11-22
C0983,Jamie N. Garcia,Industrial,South,2025-01-02
C0984,Skyler Z. Smith,Industrial,East,2025-03-01
C0985,Charlie R. Williams,Industrial,South,2024-12-13
C0986,Rowan W. Jackson,Residential,East,2024-12-06
C0987,Casey M. Martinez,Industrial,East,2025-03-14
C0988,Morgan D. Martin,Commercial,West,2024-11-05
C0989,Quinn K. Davis,Residential,North,2024-07-01
C0990,Emerson V. Rodriguez,Residential,East,2025-04-25
C0991,Riley X. Williams,Residential,South,2025-02-06
C0992,Avery O. Jones,Industrial,West,2024-11-08
C0993,Bailey Z. Martinez,Industrial,South,2025-01-06
C0994,Quinn C. Brown,Residential,East,2024-07-17
C0995,Hayden T. Lopez,Industrial,North,2024-10-04
C0996,Charlie G. Jones,Commercial,South,2024-07-20
C0997,Emerson V. Martinez,Commercial,East,2025-01-23
C0998,Taylor R. Hernandez,Commercial,North,2025-02-03
C0999,Taylor B. Rodriguez,Residential,West,2025-04-21
C1000,Cameron R. Johnson,Residential,North,2024-12-15
